{
    "file":"sprite.png",
    "frames":{
        "ruhua1":{"x":0,"y":0,"w":180,"h":220,"offX":0,"offY":0},
        "ruhua2":{"x":0,"y":0,"w":180,"h":220,"offX":0,"offY":0},
        "bajie1":{"x":0,"y":0,"w":180,"h":220,"offX":0,"offY":0},
        "bajie2":{"x":0,"y":0,"w":180,"h":220,"offX":0,"offY":0},
        "hare1":{"x":0,"y":514,"w":180,"h":248,"offX":0,"offY":0},
        "hare2":{"x":181,"y":514,"w":180,"h":248,"offX":0,"offY":0},
        "readyGo":{"x":362,"y":0,"w":270,"h":202,"offX":0,"offY":0},
        "greyTip":{"x":634,"y":0,"w":248,"h":56,"offX":0,"offY":0},
        "redTip":{"x":634,"y":57,"w":225,"h":86,"offX":0,"offY":0},
        "UFO":{"x":185,"y":0,"w":170,"h":220,"offX":0,"offY":0},
        "coin":{"x":185,"y":243,"w":170,"h":180,"offX":0,"offY":0},
        "pan":{"x":185,"y":243,"w":170,"h":180,"offX":0,"offY":0},
        "radish":{"x":0,"y":243,"w":180,"h":180,"offX":0,"offY":0}
    }
}