[
  {
    "lat": 30.27415,
    "lng": 120.15515,
    "value": 30,
    "type": "ok"
  },
  {
    "lat": 39.90469,
    "lng": 116.40717,
    "value": 14,
    "type": "ok"
  },
  {
    "lat": 22.54286,
    "lng": 114.05956,
    "value": 11,
    "type": "ok"
  },
  {
    "lat": 31.23037,
    "lng": 121.4737,
    "value": 5,
    "type": "ok"
  },
  {
    "lat": 31.29834,
    "lng": 120.58319,
    "value": 1,
    "type": "ok"
  },
  {
    "lat": 22.51595,
    "lng": 113.3926,
    "value": 1,
    "type": "ok"
  },
  {
    "lat": 22.27534,
    "lng": 114.16546,
    "value": 1,
    "type": "ok"
  },
  {
    "lat": 23.12908,
    "lng": 113.26436,
    "value": 1,
    "type": "ok"
  },
  {
    "lat": 26.07421,
    "lng": 119.29647,
    "value": 1,
    "type": "ok"
  },
  {
    "lat": 30.5702,
    "lng": 104.06476,
    "value": 1,
    "type": "ok"
  },
  {
    "lat": 34.61812,
    "lng": 112.45361,
    "value": 1,
    "type": "ok"
  },
  {
    "lat": 24.47951,
    "lng": 118.08948,
    "value": 1,
    "type": "ok"
  },
  {
    "lat": 37.36883,
    "lng": -122.0363496,
    "value": 1,
    "type": "ok"
  }
]