[
  {
    "from": "116.40717,39.90469",
    "to": "120.15515,30.27415",
    "type": "type1"
  },
    {
    "from": "114.05956,22.54286",
    "to": "120.15515,30.27415",
    "type": "type1"
  },   
   {
    "from": "121.4737,31.23037",
    "to": "120.15515,30.27415",
    "type": "type1"
  },
     {
    "from": "120.58319,31.29834",
    "to": "120.15515,30.27415",
    "type": "type1"
  },     
  {
    "from": "113.3926,22.51595",
    "to": "120.15515,30.27415",
    "type": "type1"
  },  
  {
    "from": "114.16546,22.27534",
    "to": "120.15515,30.27415",
    "type": "type1"
  },
    {
    "from": "113.26436,23.12908",
    "to": "120.15515,30.27415",
    "type": "type1"
  },
    {
    "from": "119.29647,26.07421",
    "to": "120.15515,30.27415",
    "type": "type1"
  },
      {
    "from": "104.06476,30.5702",
    "to": "120.15515,30.27415",
    "type": "type1"
  },
    {
    "from": "112.45361,34.61812",
    "to": "120.15515,30.27415",
    "type": "type1"
  },
      {
    "from": "118.08948,24.47951",
    "to": "120.15515,30.27415",
    "type": "type1"
  },
        {
    "from": "-122.0363496,37.36883",
    "to": "120.15515,30.27415",
    "type": "type1"
  }
]
