[
  {
    "x": "上海",
    "y": 29,
    "s": "1"
  },
  {
    "x": "广州",
    "y": 27,
    "s": "1"
  },
  {
    "x": "北京",
    "y": 23,
    "s": "1"
  },
  {
    "x": "深圳",
    "y": 20,
    "s": "1"
  },
  {
    "x": "合肥",
    "y": 18,
    "s": "1"
  },
  {
    "x": "杭州",
    "y": 14,
    "s": "1"
  },
  {
    "x": "济南",
    "y": 11,
    "s": "1"
  },
  {
    "x": "成都",
    "y": 9,
    "s": "1"
  },
  {
    "x": "长沙",
    "y": 14,
    "s": "1"
  },
  {
    "x": "南京",
    "y": 11,
    "s": "1"
  }
]