[
  {
    "value": "314529403.31",
    "content": "柱状图(bar chart)，是一种以长方形的长度为变量的表达图形的统计报告图"
  },
  {
    "value": "293711093.03",
    "content": "饼图英文学名为Sector Graph, 有名Pie Graph。"
  },
  {
    "value": "193691138.91",
    "content": "折线图"
  },
  {
    "value": "293711093.03",
    "content": "散点图（scatter diagram）"
  },
  {
    "value": "193120534.18",
    "content": "排行榜（同类事物客观实力反映）"
  },
  {
    "value": "314529403.31",
    "content": "柱状图(bar chart)，是一种以长方形的长度为变量的表达图形的统计报告图"
  },
  {
    "value": "293711093.03",
    "content": "饼图英文学名为Sector Graph, 有名Pie Graph。"
  },
  {
    "value": "193691138.91",
    "content": "折线图"
  },
  {
    "value": "293711093.03",
    "content": "散点图（scatter diagram）"
  },
  {
    "value": "193120534.18",
    "content": "排行榜（同类事物客观实力反映）"
  },
  {
    "value": "314529403.31",
    "content": "柱状图(bar chart)，是一种以长方形的长度为变量的表达图形的统计报告图"
  },
  {
    "value": "293711093.03",
    "content": "饼图英文学名为Sector Graph, 有名Pie Graph。"
  },
  {
    "value": "193691138.91",
    "content": "折线图"
  },
  {
    "value": "293711093.03",
    "content": "散点图（scatter diagram）"
  },
  {
    "value": "193120534.18",
    "content": "排行榜（同类事物客观实力反映）"
  }
]